<?xml version="1.0" encoding="UTF-8"?>
<item><pubDate>Wed, 09 Dec 2020 20:16:22 +0700</pubDate><title><![CDATA[My Resto]]></title><url><![CDATA[index]]></url><meta><![CDATA[https://axcora.com/getaxcoracms - get axcora cms modern blast fast website SEO]]></meta><metad><![CDATA[Build with get axcora cms - modern cms website blast and fast without databased , download on https://axcora.com/geataxcoracms]]></metad><menu><![CDATA[Home]]></menu><menuOrder><![CDATA[1]]></menuOrder><menuStatus><![CDATA[Y]]></menuStatus><template><![CDATA[template.php]]></template><parent><![CDATA[]]></parent><content><![CDATA[&lt;h2&gt;&lt;strong&gt;Welcome to&amp;nbsp;My Resto&lt;/strong&gt;&lt;/h2&gt;

&lt;p&gt;This a website about my resto.&lt;/p&gt;

&lt;p&gt;&lt;img alt=&quot;&quot; src=&quot;data/uploads/restos.jpg&quot; class=&quot;img-fluid&quot; width=&quot;100%&quot;/&gt;&lt;/p&gt;

&lt;p&gt;Lorem ipsum dolor sit amet, consectetur adipiscing elit, sed do eiusmod tempor incididunt ut labore et dolore magna aliqua. Ut enim ad minim veniam, quis nostrud exercitation ullamco laboris nisi ut aliquip ex ea commodo consequat. Duis aute irure dolor in reprehenderit in voluptate velit esse cillum dolore eu fugiat nulla pariatur. Excepteur sint occaecat cupidatat non proident, sunt in culpa qui officia deserunt mollit anim id est laborum.&lt;/p&gt;
]]></content><private><![CDATA[]]></private><author><![CDATA[axcora]]></author></item>
