<?xml version="1.0" encoding="UTF-8"?>
<item><pubDate>Wed, 09 Dec 2020 21:42:17 +0700</pubDate><title><![CDATA[Menu Minuman]]></title><url><![CDATA[menu-minuman]]></url><meta><![CDATA[]]></meta><metad><![CDATA[]]></metad><menu><![CDATA[Menu Minuman]]></menu><menuOrder><![CDATA[0]]></menuOrder><menuStatus><![CDATA[]]></menuStatus><template><![CDATA[template.php]]></template><parent><![CDATA[]]></parent><content><![CDATA[&lt;h3&gt;&lt;strong&gt;Menu Minuman My Resto&lt;/strong&gt;&lt;/h3&gt;

&lt;hr /&gt;
&lt;div class=&quot;row&quot;&gt;
	&lt;div class=&quot;col-12 col-md-6&quot;&gt;&lt;img class=&quot;img-fluid&quot; src=&quot;data/uploads/drink.jpg&quot; /&gt;&lt;/div&gt;

	&lt;div class=&quot;col-12 col-md-6 p-3 p-md-5&quot;&gt;
		&lt;p&gt;Teh Panas Rp.10.000&lt;/p&gt;

		&lt;p&gt;Capucino Rp.35.000&lt;/p&gt;

		&lt;p&gt;Espreso Rp.40.000&lt;/p&gt;

		&lt;p&gt;Cafe Late Rp.35.000&lt;/p&gt;

		&lt;p&gt;Mocacino Rp.30.000&lt;/p&gt;
	&lt;/div&gt;
&lt;/div&gt;
]]></content><private><![CDATA[]]></private><author><![CDATA[axcora]]></author></item>
