<?xml version="1.0" encoding="UTF-8"?>
<channel><item><pubDate><![CDATA[Wed, 09 Dec 2020 21:24:21 +0700]]></pubDate><title><![CDATA[Contact]]></title><url><![CDATA[contact]]></url><meta><![CDATA[]]></meta><metad><![CDATA[]]></metad><menu><![CDATA[Contact]]></menu><menuOrder><![CDATA[0]]></menuOrder><menuStatus><![CDATA[]]></menuStatus><template><![CDATA[template.php]]></template><parent><![CDATA[]]></parent><private><![CDATA[]]></private><author><![CDATA[axcora]]></author><slug><![CDATA[contact]]></slug><filename><![CDATA[contact.xml]]></filename></item><item><pubDate><![CDATA[Wed, 09 Dec 2020 20:16:22 +0700]]></pubDate><title><![CDATA[My Resto]]></title><url><![CDATA[index]]></url><meta><![CDATA[getsimple, easy, content management system]]></meta><metad><![CDATA[]]></metad><menu><![CDATA[Home]]></menu><menuOrder><![CDATA[1]]></menuOrder><menuStatus><![CDATA[Y]]></menuStatus><template><![CDATA[template.php]]></template><parent><![CDATA[]]></parent><private><![CDATA[]]></private><author><![CDATA[axcora]]></author><slug><![CDATA[index]]></slug><filename><![CDATA[index.xml]]></filename></item><item><pubDate><![CDATA[Wed, 09 Dec 2020 21:41:34 +0700]]></pubDate><title><![CDATA[Menu Makanan]]></title><url><![CDATA[menu-makanan]]></url><meta><![CDATA[]]></meta><metad><![CDATA[]]></metad><menu><![CDATA[Menu Makanan]]></menu><menuOrder><![CDATA[0]]></menuOrder><menuStatus><![CDATA[]]></menuStatus><template><![CDATA[template.php]]></template><parent><![CDATA[]]></parent><private><![CDATA[]]></private><author><![CDATA[axcora]]></author><slug><![CDATA[menu-makanan]]></slug><filename><![CDATA[menu-makanan.xml]]></filename></item><item><pubDate><![CDATA[Wed, 09 Dec 2020 21:42:17 +0700]]></pubDate><title><![CDATA[Menu Minuman]]></title><url><![CDATA[menu-minuman]]></url><meta><![CDATA[]]></meta><metad><![CDATA[]]></metad><menu><![CDATA[Menu Minuman]]></menu><menuOrder><![CDATA[0]]></menuOrder><menuStatus><![CDATA[]]></menuStatus><template><![CDATA[template.php]]></template><parent><![CDATA[]]></parent><private><![CDATA[]]></private><author><![CDATA[axcora]]></author><slug><![CDATA[menu-minuman]]></slug><filename><![CDATA[menu-minuman.xml]]></filename></item><item><pubDate><![CDATA[Wed, 09 Dec 2020 21:42:30 +0700]]></pubDate><title><![CDATA[Order My Resto]]></title><url><![CDATA[order-my-resto]]></url><meta><![CDATA[]]></meta><metad><![CDATA[]]></metad><menu><![CDATA[Order My Resto]]></menu><menuOrder><![CDATA[0]]></menuOrder><menuStatus><![CDATA[]]></menuStatus><template><![CDATA[template.php]]></template><parent><![CDATA[]]></parent><private><![CDATA[]]></private><author><![CDATA[axcora]]></author><slug><![CDATA[order-my-resto]]></slug><filename><![CDATA[order-my-resto.xml]]></filename></item><item><pubDate><![CDATA[Wed, 09 Dec 2020 21:42:42 +0700]]></pubDate><title><![CDATA[Paket Menu]]></title><url><![CDATA[paket-menu]]></url><meta><![CDATA[]]></meta><metad><![CDATA[]]></metad><menu><![CDATA[Paket Menu]]></menu><menuOrder><![CDATA[0]]></menuOrder><menuStatus><![CDATA[]]></menuStatus><template><![CDATA[template.php]]></template><parent><![CDATA[]]></parent><private><![CDATA[]]></private><author><![CDATA[axcora]]></author><slug><![CDATA[paket-menu]]></slug><filename><![CDATA[paket-menu.xml]]></filename></item><item><pubDate><![CDATA[Wed, 09 Dec 2020 21:42:53 +0700]]></pubDate><title><![CDATA[Reservation]]></title><url><![CDATA[reservation]]></url><meta><![CDATA[]]></meta><metad><![CDATA[]]></metad><menu><![CDATA[Reservation]]></menu><menuOrder><![CDATA[0]]></menuOrder><menuStatus><![CDATA[]]></menuStatus><template><![CDATA[template.php]]></template><parent><![CDATA[]]></parent><private><![CDATA[]]></private><author><![CDATA[axcora]]></author><slug><![CDATA[reservation]]></slug><filename><![CDATA[reservation.xml]]></filename></item></channel>
