<?xml version="1.0" encoding="UTF-8"?>
<item><pubDate>Wed, 09 Dec 2020 13:04:09 +0700</pubDate><title><![CDATA[About Us]]></title><url><![CDATA[about-us]]></url><meta><![CDATA[]]></meta><metad><![CDATA[]]></metad><menu><![CDATA[About Us]]></menu><menuOrder><![CDATA[0]]></menuOrder><menuStatus><![CDATA[]]></menuStatus><template><![CDATA[template.php]]></template><parent><![CDATA[]]></parent><content><![CDATA[&lt;div class=&quot;row&quot;&gt;
	&lt;div class=&quot;col-12 col-md-12 p-0&quot;&gt;&lt;img class=&quot;img-fluid&quot; src=&quot;data/uploads/webprofesional.jpeg&quot; width=&quot;100%&quot; /&gt;
		&lt;div class=&quot;p-3 p-md-5 bg-light&quot;&gt;
			&lt;h3&gt;About Us.&lt;/h3&gt;

			&lt;p class=&quot;lead&quot;&gt;Axcora technology team dev berpengalaman dan merupakan bagian dari hockey corporation yang menaungi kami untuk menggabungkan team dev terbaik dalam kebutuhan untuk project pengembangan dunia digital khususnya technology pada aplikasi dan website all in one yang biasa disebut dengan web apps techno modern.&lt;/p&gt;

			&lt;p class=&quot;lead&quot;&gt;Berdiri sejak tahun 2008 dan berpengalaman di bidang industri kreatif digital dan aplikasi menjadikan tingkat kepercayaan pada client client kami. dan tentunya gagasan pembentukan pada divisi khusus web app mulai dirancang pada tahun 2018 , kemudian baru dimulai dan dibentuk pada tahun 2019 yang menjadi titik awal keterbukaan kebangkitan dan keaneka ragaman dari berbagai bahasa dan framework , pemrograman dunia, pada tahun ini lah the axcora technology resmi berdiri khusus untuk layanan technology informasi digital.&lt;/p&gt;

			&lt;p class=&quot;lead&quot;&gt;Keahlian masing masing team dev menguasai berbagai bahasa dan framework pemrograman menjadikan keistimewaan untuk deploy pada berbagai project mulai dari divisi&lt;/p&gt;

			&lt;p class=&quot;lead&quot;&gt;PHP dengan php native, code iginter, laravel untuk web apps,dan laravel, symfony blog untuk website open source project kami.&lt;/p&gt;

			&lt;p class=&quot;lead&quot;&gt;Modern JS Typescript dengan technology single page application maupun progresive web app dengan angular, gatsby js hingga phoneixs angular open source project kami untuk modern website&lt;/p&gt;

			&lt;p class=&quot;lead&quot;&gt;Static dan dynamic web dan online shop dengan jekyll ruby , native bootstrap , get axcora cms opensource code project kami, modx , blogger dan berbagai CMS lain nya.&lt;/p&gt;

			&lt;p class=&quot;lead&quot;&gt;Flutter Dart untuk kebutuhan mobile application pembuatan apk aplikasi android.&lt;/p&gt;

			&lt;p class=&quot;lead&quot;&gt;Dan sebagai tambahan bonus setiap website dengan kretatif digital art media dengan video promo maupun editing poto untuk kebutuhan website agar lebih modern dan elegan.&lt;/p&gt;

			&lt;p class=&quot;lead&quot;&gt;Kami mendeploy berbagai aplikasi baik untuk invoice apps, akuntansi apps, website apps, point of sale cashier apps, restaurant apps , school e-learning apps dengan berbagai bahasa pemrograman sesuai dengan kebutuhan project .&lt;/p&gt;

			&lt;p class=&quot;lead&quot;&gt;Dan semua dalam satu kesatuan via apps complete paket kami dengan APK android yang memudahkan kontrol backend dengan berbagai fitur plus frontend APK android untuk end user dalam kebutuhan akses informasi web / online shop secara real time online.&lt;/p&gt;

			&lt;p class=&quot;lead&quot;&gt;Bersama axcora team dev untuk masa depan lebih baik.&lt;/p&gt;
		&lt;/div&gt;
	&lt;/div&gt;
&lt;/div&gt;
]]></content><private><![CDATA[]]></private><author><![CDATA[axcora]]></author></item>
