<?xml version="1.0" encoding="UTF-8"?>
<item><pubDate>Tue, 08 Dec 2020 09:47:04 +0700</pubDate><title><![CDATA[Article one]]></title><url><![CDATA[article-one]]></url><meta><![CDATA[]]></meta><metad><![CDATA[]]></metad><menu><![CDATA[]]></menu><menuOrder><![CDATA[0]]></menuOrder><menuStatus><![CDATA[]]></menuStatus><template><![CDATA[template.php]]></template><parent><![CDATA[]]></parent><content><![CDATA[&lt;p&gt;Edit this on article one pages&lt;/p&gt;
]]></content><private><![CDATA[]]></private><author><![CDATA[axcora]]></author></item>
