<?xml version="1.0" encoding="UTF-8"?>
<item><pubDate>Tue, 08 Dec 2020 09:48:15 +0700</pubDate><title><![CDATA[Article Four]]></title><url><![CDATA[article-four]]></url><meta><![CDATA[]]></meta><metad><![CDATA[]]></metad><menu><![CDATA[]]></menu><menuOrder><![CDATA[0]]></menuOrder><menuStatus><![CDATA[]]></menuStatus><template><![CDATA[template.php]]></template><parent><![CDATA[]]></parent><content><![CDATA[&lt;p&gt;Edit on article four pages&lt;/p&gt;
]]></content><private><![CDATA[]]></private><author><![CDATA[axcora]]></author></item>
