<?xml version="1.0" encoding="UTF-8"?>
<item><pubDate>Mon, 07 Dec 2020 02:24:30 +0700</pubDate><title><![CDATA[Axcora CMS Apps]]></title><url><![CDATA[axcora-cms-apps]]></url><meta><![CDATA[]]></meta><metad><![CDATA[]]></metad><menu><![CDATA[Axcora CMS Apps]]></menu><menuOrder><![CDATA[0]]></menuOrder><menuStatus><![CDATA[]]></menuStatus><template><![CDATA[template.php]]></template><parent><![CDATA[]]></parent><content><![CDATA[]]></content><private><![CDATA[]]></private><author><![CDATA[axcora]]></author></item>
