<?xml version="1.0" encoding="UTF-8"?>
<item><pubDate>Mon, 07 Dec 2020 09:44:40 +0700</pubDate><title><![CDATA[Bro]]></title><url><![CDATA[bro]]></url><meta><![CDATA[]]></meta><metad><![CDATA[]]></metad><menu><![CDATA[Bro]]></menu><menuOrder><![CDATA[0]]></menuOrder><menuStatus><![CDATA[]]></menuStatus><template><![CDATA[template.php]]></template><parent><![CDATA[]]></parent><content><![CDATA[&lt;p&gt;Brodin&lt;/p&gt;
]]></content><private><![CDATA[]]></private><author><![CDATA[axcora]]></author></item>
