<?xml version="1.0" encoding="UTF-8"?>
<item><pubDate>Wed, 09 Dec 2020 13:57:49 +0700</pubDate><title><![CDATA[Contact Us]]></title><url><![CDATA[contact-us]]></url><meta><![CDATA[]]></meta><metad><![CDATA[]]></metad><menu><![CDATA[Contact Us]]></menu><menuOrder><![CDATA[0]]></menuOrder><menuStatus><![CDATA[]]></menuStatus><template><![CDATA[template.php]]></template><parent><![CDATA[]]></parent><content><![CDATA[&lt;div class=&quot;row&quot;&gt;
	&lt;div class=&quot;col-12 col-md-12 p-0&quot;&gt;&lt;img class=&quot;img-fluid&quot; src=&quot;data/uploads/companycontatct.jpg&quot; width=&quot;100%&quot; /&gt;
		&lt;div class=&quot;p-3 p-md-5 bg-light&quot;&gt;
			&lt;h3&gt;Contact Us.&lt;/h3&gt;

			&lt;p class=&quot;lead&quot;&gt;Hubungi kami dan konsultasikan kebutuhan project anda bersama kami.&lt;/p&gt;
			&lt;p class=&quot;lead&quot;&gt;Showroom&lt;br/&gt;Ruko Pasar Wisata Juanda Blok Q.07&lt;br/&gt;Juanda - Sidoarjo - East Java&lt;br/&gt;Indonesia&lt;br/&gt;
Whatsapp : +6285646104747 / Call : +6287819355589&lt;br/&gt;
&lt;a href=&quot;https://axcora.com&quot;&gt;https://axcora.com&lt;/a&gt; - &lt;a href=&quot;https://axcora.my.id&quot;&gt;https://axcora.my.id&lt;/a&gt;
		&lt;/div&gt;
	&lt;/div&gt;
&lt;/div&gt;
]]></content><private><![CDATA[]]></private><author><![CDATA[axcora]]></author></item>
