<?xml version="1.0" encoding="UTF-8"?>
<item><pubDate>Wed, 09 Dec 2020 21:21:55 +0700</pubDate><title><![CDATA[Contact]]></title><url><![CDATA[contact]]></url><meta><![CDATA[]]></meta><metad><![CDATA[]]></metad><menu><![CDATA[Contact]]></menu><menuOrder><![CDATA[0]]></menuOrder><menuStatus><![CDATA[]]></menuStatus><template><![CDATA[template.php]]></template><parent><![CDATA[]]></parent><content><![CDATA[&lt;h3&gt;&lt;strong&gt;Contact My Resto&lt;/strong&gt;&lt;/h3&gt;

&lt;hr /&gt;
&lt;div class=&quot;row&quot;&gt;
	&lt;div class=&quot;col-12 col-md-12 p-3 p-md-5 text-center&quot;&gt;&lt;img class=&quot;img-fluid&quot; src=&quot;https://axcora.com/img/axcora%20design%20pembuatan%20website%20blogspot%20template.gif&quot; /&gt;
&lt;p class=&quot;lead&quot;&gt;
My resto is design by axcora technology for get axcora cms, is a open source code project you can download it , slim and fast with SEO modules.
&lt;/p&gt;
&lt;/div&gt;
&lt;/div&gt;
]]></content><private><![CDATA[]]></private><author><![CDATA[axcora]]></author></item>
