<?xml version="1.0" encoding="UTF-8"?>
<item><pubDate>Sun, 06 Dec 2020 23:28:30 +0700</pubDate><title><![CDATA[Halo]]></title><url><![CDATA[halo]]></url><meta><![CDATA[]]></meta><metad><![CDATA[]]></metad><menu><![CDATA[]]></menu><menuOrder><![CDATA[0]]></menuOrder><menuStatus><![CDATA[]]></menuStatus><template><![CDATA[template.php]]></template><parent><![CDATA[]]></parent><content><![CDATA[&lt;p&gt;Halo Apa Kabar&lt;/p&gt;
]]></content><private><![CDATA[]]></private><author><![CDATA[axcora]]></author></item>
