<?xml version="1.0" encoding="UTF-8"?>
<item><pubDate>Wed, 09 Dec 2020 12:31:06 +0700</pubDate><title><![CDATA[Mission]]></title><url><![CDATA[mission]]></url><meta><![CDATA[]]></meta><metad><![CDATA[]]></metad><menu><![CDATA[Mission]]></menu><menuOrder><![CDATA[0]]></menuOrder><menuStatus><![CDATA[]]></menuStatus><template><![CDATA[template.php]]></template><parent><![CDATA[]]></parent><content><![CDATA[&lt;div class=&quot;row&quot;&gt;
	&lt;div class=&quot;col-12 col-md-12 p-0&quot;&gt;&lt;img class=&quot;img-fluid&quot; src=&quot;data/uploads/mission.jpg&quot; width=&quot;100%&quot; /&gt;
		&lt;div class=&quot;p-3 p-md-5 bg-light&quot;&gt;
			&lt;h3&gt;Mission.&lt;/h3&gt;

			&lt;p class=&quot;lead&quot;&gt;The axcora technology dalam misi untuk memperkenalkan apa itu web app dan bagaimana web app bekerja pada era modern saat ini, web app benar benar menjadi tujuan fantastis dalam penerpan penyatuan berbagai multi technology dalam penggunaan nya, dengan aplikasi dalam balutan website yang terintegrasi dengan APK memudahkan dalam berbagai penerapan untuk pekerjaan pembukuan dan pendidikan secara real time online, dengan web app dunia benar benar dalam genggaman anda.&lt;/p&gt;
		&lt;/div&gt;
	&lt;/div&gt;
&lt;/div&gt;
]]></content><private><![CDATA[]]></private><author><![CDATA[axcora]]></author></item>
