<?xml version="1.0" encoding="UTF-8"?>
<item><pubDate>Wed, 09 Dec 2020 21:02:32 +0700</pubDate><title><![CDATA[Order My Resto]]></title><url><![CDATA[order-my-resto]]></url><meta><![CDATA[]]></meta><metad><![CDATA[]]></metad><menu><![CDATA[Order My Resto]]></menu><menuOrder><![CDATA[0]]></menuOrder><menuStatus><![CDATA[]]></menuStatus><template><![CDATA[template.php]]></template><parent><![CDATA[]]></parent><content><![CDATA[&lt;h3&gt;&lt;strong&gt;Order&amp;nbsp;My Resto&lt;/strong&gt;&lt;/h3&gt;

&lt;hr /&gt;
&lt;div class=&quot;row&quot;&gt;
	&lt;div class=&quot;col-6 col-md-6&quot;&gt;&lt;img class=&quot;img-fluid&quot; src=&quot;data/uploads/del.jpg&quot; /&gt;&lt;/div&gt;

	&lt;div class=&quot;col-6 col-md-6 p-3 p-md-5&quot;&gt;
		&lt;p&gt;Lorem ipsum dolor sit amet, consectetur adipiscing elit, sed do eiusmod tempor incididunt ut labore et dolore magna aliqua.&lt;/p&gt;

		&lt;p&gt;Call : +6289819355589&lt;/p&gt;

		&lt;p&gt;WhatsApp : +6285646104747&lt;/p&gt;
	&lt;/div&gt;
&lt;/div&gt;
]]></content><private><![CDATA[]]></private><author><![CDATA[axcora]]></author></item>
