<?xml version="1.0" encoding="UTF-8"?>
<item><pubDate>Wed, 09 Dec 2020 12:37:36 +0700</pubDate><title><![CDATA[Our Client]]></title><url><![CDATA[our-client]]></url><meta><![CDATA[]]></meta><metad><![CDATA[]]></metad><menu><![CDATA[Our Client]]></menu><menuOrder><![CDATA[0]]></menuOrder><menuStatus><![CDATA[]]></menuStatus><template><![CDATA[template.php]]></template><parent><![CDATA[]]></parent><content><![CDATA[&lt;div class=&quot;col-12 col-md-12 p-0&quot;&gt;&lt;img class=&quot;img-fluid&quot; src=&quot;data/uploads/client.jpg&quot; width=&quot;100%&quot; /&gt;
	&lt;div class=&quot;p-3 p-md-5 bg-light&quot;&gt;
		&lt;h3&gt;Our Client.&lt;/h3&gt;

		&lt;p class=&quot;lead&quot;&gt;The axcora technology banyak menangani dan handling kebutuhan berbagai sektor bisnis industri retil dan pendidikan , bukan hanya indonesia tetapi juga luar negri untuk berbagai kebutuhan dalam penerapan web app hingga kebutuhan skema terbaik untuk konsep website dan aplikasi sesuai dengan bidang usaha, dan tentunya kami terbuka untuk konsultasi mengenai kebutuhan web app anda. Bersama kami saat nya era revolusi digital anda dimulai sekarang.&lt;/p&gt;
	&lt;/div&gt;
&lt;/div&gt;
]]></content><private><![CDATA[]]></private><author><![CDATA[axcora]]></author></item>
