<?xml version="1.0" encoding="UTF-8"?>
<item><pubDate>Wed, 09 Dec 2020 20:57:05 +0700</pubDate><title><![CDATA[Paket Menu]]></title><url><![CDATA[paket-menu]]></url><meta><![CDATA[]]></meta><metad><![CDATA[]]></metad><menu><![CDATA[Paket Menu]]></menu><menuOrder><![CDATA[0]]></menuOrder><menuStatus><![CDATA[]]></menuStatus><template><![CDATA[template.php]]></template><parent><![CDATA[]]></parent><content><![CDATA[&lt;h3&gt;&lt;strong&gt;Paket Menu My Resto&lt;/strong&gt;&lt;/h3&gt;

&lt;hr /&gt;
&lt;div class=&quot;row&quot;&gt;
	&lt;div class=&quot;col-6 col-md-6&quot;&gt;&lt;img class=&quot;img-fluid&quot; src=&quot;data/uploads/paket.jpg&quot; /&gt;&lt;/div&gt;

	&lt;div class=&quot;col-6 col-md-6 p-3 p-md-5&quot;&gt;
		&lt;p&gt;Paket Combo 1 Rp.145.000&lt;/p&gt;

		&lt;p&gt;Paket Combo 2&amp;nbsp;Rp.155.000&lt;/p&gt;

		&lt;p&gt;Paket Combo 3 Rp.165.000&lt;/p&gt;

		&lt;p&gt;Paket Combo 4 Rp.175.000&lt;/p&gt;

		&lt;p&gt;Paket Combo 5 Rp.185.000&lt;/p&gt;
	&lt;/div&gt;
&lt;/div&gt;
]]></content><private><![CDATA[]]></private><author><![CDATA[axcora]]></author></item>
