<?xml version="1.0" encoding="UTF-8"?>
<item><pubDate>Wed, 09 Dec 2020 12:46:09 +0700</pubDate><title><![CDATA[Project]]></title><url><![CDATA[project]]></url><meta><![CDATA[]]></meta><metad><![CDATA[]]></metad><menu><![CDATA[Project]]></menu><menuOrder><![CDATA[0]]></menuOrder><menuStatus><![CDATA[]]></menuStatus><template><![CDATA[template.php]]></template><parent><![CDATA[]]></parent><content><![CDATA[&lt;div class=&quot;col-12 col-md-12 p-0&quot;&gt;&lt;img class=&quot;img-fluid&quot; src=&quot;data/uploads/project.jpg&quot; width=&quot;100%&quot; /&gt;
	&lt;div class=&quot;p-3 p-md-5 bg-light&quot;&gt;
		&lt;h3&gt;Our Project.&lt;/h3&gt;

		&lt;p class=&quot;lead&quot;&gt;Pengembangan project technology baik website dan applikasi dalam all in one konsep untuk kebutuhan client dalam penerapan informasi detail mengenai website, dan applikasi dalam handling pembukuan dan transaksi dengan cepat untuk bidang bisnis , dan pendidikan dengan metode full e-learning online.&lt;/p&gt;

		&lt;p class=&quot;lead&quot;&gt;Perancangan skema konsep yang terstruktur demi tujuan akan kemudahan dalam penerapan dilapangan dan kemudahan baik untuk staff maupun untuk user pengguna menjadi lebih baik dengan struktur konsep skema yang dirancang dengan baik .&lt;/p&gt;

		&lt;p class=&quot;lead&quot;&gt;Pembagian divisi&amp;nbsp; apps semakin memudahkan dengan konsep pembagian divisi apps untuk kebutuhan akses masing masing divisi agar memudahkan dalam proses pekerjaan sesuai dengan job nya masing masing. baik untuk perusahaan dengan kebutuhan admin, marketing, finance, dan berbagai kebutuhan lain. untuk retail dengan pembagian divisi penjualan kasir, stok inventori warehouse, admin database dan admin backoffice, kebutuhan untuk restoran cafe rumah makan kuliner dengan divisi waiters, kasir, kitchen , admin hingga untuk kebutuhan pendidikan edukasi dengan pembagian divisi : admin backoffice, guru dan staff , siswa murid dengan kuasa atau hak akses sesuai dengan kebutuhan akan memudahkan sebuah aplikasi web app berjalan dengan baik.&lt;/p&gt;

		&lt;p class=&quot;lead&quot;&gt;All in one dalam konsep web apps : semua kebutuhan akan terhandling secara baik dengan all in one web apps ini, dengan APK backend untuk backoffice dalam kebutuhan update data dan pekerjaan lain, serta frontend APK untuk kebutuhan pengguna user dalam akses secara langsung via web app anda.&lt;/p&gt;

		&lt;p class=&quot;lead&quot;&gt;Mulai project anda bersama kami, dan konsultasikan kebutuhan anda untuk masa depan yang lebih baik.&lt;/p&gt;
	&lt;/div&gt;
&lt;/div&gt;
]]></content><private><![CDATA[]]></private><author><![CDATA[axcora]]></author></item>
