<?xml version="1.0" encoding="UTF-8"?>
<item><pubDate>Wed, 09 Dec 2020 12:34:13 +0700</pubDate><title><![CDATA[The Target]]></title><url><![CDATA[the-target]]></url><meta><![CDATA[]]></meta><metad><![CDATA[]]></metad><menu><![CDATA[The Target]]></menu><menuOrder><![CDATA[0]]></menuOrder><menuStatus><![CDATA[]]></menuStatus><template><![CDATA[template.php]]></template><parent><![CDATA[]]></parent><content><![CDATA[&lt;div class=&quot;row&quot;&gt;
	&lt;div class=&quot;col-12 col-md-12 p-0&quot;&gt;&lt;img class=&quot;img-fluid&quot; src=&quot;data/uploads/target.jpg&quot; width=&quot;100%&quot; /&gt;
		&lt;div class=&quot;p-3 p-md-5 bg-light&quot;&gt;
			&lt;h3&gt;The Target.&lt;/h3&gt;

			&lt;p class=&quot;lead&quot;&gt;Target kami agar pebisnis dan dunia pendidikan modern dapat menggunakan technology web app dengan harga terjangkau, hal ini dikarenakan agar semua lapisan dapat menikmati layanan web app dengan murah dan terjangkau untuk kebutuhan dalam mencatat pembukuan detail , melakukan transaksi pada bidang retil , industri , bisnis dan company , dan dapat melakukan kegiatan belajar mengajar secara online real time dengan kelengkapan fitur untuk kebutuhan dunia edukasi pendidikan.&lt;/p&gt;
		&lt;/div&gt;
	&lt;/div&gt;
&lt;/div&gt;
]]></content><private><![CDATA[]]></private><author><![CDATA[axcora]]></author></item>
