<?xml version="1.0" encoding="UTF-8"?>
<item><pubDate>Wed, 09 Dec 2020 12:27:37 +0700</pubDate><title><![CDATA[Vision]]></title><url><![CDATA[vision]]></url><meta><![CDATA[]]></meta><metad><![CDATA[]]></metad><menu><![CDATA[Vision]]></menu><menuOrder><![CDATA[0]]></menuOrder><menuStatus><![CDATA[]]></menuStatus><template><![CDATA[template.php]]></template><parent><![CDATA[]]></parent><content><![CDATA[&lt;div class=&quot;col-12 col-md-12 p-0&quot;&gt;&lt;img class=&quot;img-fluid&quot; src=&quot;data/uploads/vision.jpg&quot; width=&quot;100%&quot; /&gt;
	&lt;div class=&quot;p-3 p-md-5 bg-light&quot;&gt;
		&lt;h3&gt;Vision.&lt;/h3&gt;

		&lt;p class=&quot;lead&quot;&gt;Dalam setiap develope layanan aplikasi dan website kami berusaha untuk selalu menggunakan technology terbaru dalam penerapan nya, harapan agar technology terbaru tentunya akan semakin mendekatkan pada modern development untuk kebutuhan build berbagai project, hadir layanan aplikasi pos point of sale, akuntansi apps, inventori stok management, invoice apps, restaurant resto kuliner cafe apps, sekolah full learn , e-learning online apps, rapot online untuk sekolah, dan berbagai apps lain nya dalam penerapan technology informasi bisnis pendidikan dengan berbagai technology sesuai kebutuhan untuk run web apps.&lt;/p&gt;
	&lt;/div&gt;
&lt;/div&gt;
]]></content><private><![CDATA[]]></private><author><![CDATA[axcora]]></author></item>
