<?xml version="1.0" encoding="UTF-8"?>
<item><pubDate>Wed, 09 Dec 2020 14:18:42 +0700</pubDate><title><![CDATA[We Service]]></title><url><![CDATA[we-service]]></url><meta><![CDATA[]]></meta><metad><![CDATA[]]></metad><menu><![CDATA[We Service]]></menu><menuOrder><![CDATA[0]]></menuOrder><menuStatus><![CDATA[]]></menuStatus><template><![CDATA[template.php]]></template><parent><![CDATA[]]></parent><content><![CDATA[	&lt;div class=&quot;col-12 col-md-12 p-0&quot;&gt;&lt;img class=&quot;img-fluid&quot; src=&quot;data/uploads/service.jpg&quot; width=&quot;100%&quot; /&gt;
		&lt;div class=&quot;p-3 p-md-5 bg-light&quot;&gt;
			&lt;h3&gt;We Services.&lt;/h3&gt;

			&lt;p class=&quot;lead&quot;&gt;Apa saja layanan kami ?? kami menyediakan layanan digital technology khusus nya berbasis website application yang biasa disebut dengan web app technology, dengan aplikasi dan website menjadi satu pada web app technology ini, setelah cukup lama dengan menggunakan desktop applikasi kini kami mengembangkan dengan menggunakan berbagai system dalam penerapan nya , integrasi desktop dan clouds apps hingga full web app untuk berbagai kebutuhan include dengan website sebagai media informasi mengenai toko usaha anda. Tersedia pakcage set murah terjangkau hingga level premium untuk disesuaikan dengan kebutuhan masing masing company dan personal.&lt;/p&gt;

			&lt;p class=&quot;lead&quot;&gt;POS Apps cashier aplikasi kasir unutuk usaha retail dan grosir seperti toko minimarket shop store dengan berbagai system technology dalam penerapan nya, dengan menggunakan system full online clouds memudahkan akses tanpa batas dan unlimited user accsess dalam kebutuhan bertransaksi dengan menggunakan web app solutions, include dengan APK android untuk memudahkan integrasi dan kontrol dalma berbagai kebutuhan nya.&lt;/p&gt;

			&lt;p class=&quot;lead&quot;&gt;Resto Apps aplikasi restoran rumah makan dan cafe untuk usaha kuliner dalam kebutuhan melayani pelanggan, mencatatat pesanan pelanggan melakukan penjualan kasir hingga rangkuman laporan detail . dan tentu include dengan website informasi untuk restoran cafe dan rumah makan, teresedia package set web online order,maupun web app untuk kebutuhan restoran rumah makan dan cafe dalam penerapan digital technology apps.&lt;/p&gt;

			&lt;p class=&quot;lead&quot;&gt;Office apps aplikasi khusus office dengan kebutuhan untuk pencatatan pembukuan invoice, pembayaran pelanggan, penerbitan dan mencetak invoice faktur penjualan hingga faktur pajak penjualan, pencatatan tender project, dan kebutuhan pembukuan laporan detail, hingga akuntansi apps tersedia via office apps, include dengan website dan domain name untuk perusahaan all in one dalam satu applikasi modern.&lt;/p&gt;

			&lt;p class=&quot;lead&quot;&gt;School Apps aplikasi untuk proses belajar mengajar hingga pembukuan detail pada sekolah, tersedia berbagai fitur dan apps untuk e-learning online dengan berbagai metode technology , aplikasi rapot online untuk cek rapot dan nilai ujian siswa, aplikasi absensi siswa , pembayaran dan keuangan sekolah dengan lingkup tata usaha dalam kebutuhan keuangan dan pembayaran sekolah, erp untuk all in one fungsi secara detail dalam satu aplikasi hingga kebutuhan e-learning online pada paket sekolah erp apps untuk dunia edukasi dan pendidikan khusus nya sekolah dan kursus. include dengan website informasi sekolah dan domain sch.id menjadi sempurna untuk sekolah siap online bersama apps kami.&lt;/p&gt;

			&lt;p class=&quot;lead&quot;&gt;Digital website modern develope kebutuhan akan pembuatan website dan fokus pada layanan website dalam kebutuhan berbagai project dan struktur skema yang digunakan untuk harapan website menjadi lebih informatif kepada pengunjung dan pelanggan , hingga kebutuhan toko online shop dengan berbagai technology dalam penerapan nya.&lt;/p&gt;

			&lt;p class=&quot;lead&quot;&gt;Custom project dengan kebutuhan dan skema yang kami desainkan untuk kebutuhan dalam kebutuhan pembukuan online digital dan dengan fungsi yang berjalan untuk penerapan dalam kebutuhan custom project , dan bebas konsultasi kepada staff kami untuk kebutuhan custom project ini.&lt;/p&gt;

			&lt;p class=&quot;lead&quot;&gt;Gunakan layanan axcora technology untuk masa depan yang lebih baik.&lt;/p&gt;
		&lt;/div&gt;
	&lt;/div&gt;]]></content><private><![CDATA[]]></private><author><![CDATA[axcora]]></author></item>
